[
  {
    "id": "f12293c3-b266-4380-a657-b6f8929e19d0",
    "data": [
      {
        "text": "wer ist der beste ",
        "userDefined": false
      },
      {
        "text": "heute",
        "alias": "date",
        "meta": "@sys.date",
        "userDefined": false
      },
      {
        "text": "?",
        "userDefined": false
      }
    ],
    "isTemplate": false,
    "count": 0,
    "updated": 0
  },
  {
    "id": "17c3fdbc-ff9e-4a0c-8cb4-dbdd5784566f",
    "data": [
      {
        "text": "Welcher ist heute dein Lieblingsspieler?",
        "userDefined": false
      }
    ],
    "isTemplate": false,
    "count": 0,
    "updated": 0
  },
  {
    "id": "e872c3d0-5147-4796-a8bf-66ab71213568",
    "data": [
      {
        "text": "Wer spielt heute super?",
        "userDefined": false
      }
    ],
    "isTemplate": false,
    "count": 0,
    "updated": 0
  },
  {
    "id": "bb4cef84-1e69-4bb9-ba0b-d0ab16edbd8e",
    "data": [
      {
        "text": "Welcher Spieler gefällt dir heute am besten?",
        "userDefined": false
      }
    ],
    "isTemplate": false,
    "count": 0,
    "updated": 0
  }
]