[
  {
    "id": "771e3f6f-10da-4ba0-a1e5-2f1d4f109257",
    "data": [
      {
        "text": "ich weiss was",
        "userDefined": false
      }
    ],
    "isTemplate": false,
    "count": 0,
    "updated": 0
  },
  {
    "id": "0d670975-aaae-4be3-a3f1-70cd8d0ae7b4",
    "data": [
      {
        "text": "etwas melden",
        "userDefined": false
      }
    ],
    "isTemplate": false,
    "count": 0,
    "updated": 0
  },
  {
    "id": "78f44cf4-b667-4d65-9394-aa730c5569b6",
    "data": [
      {
        "text": "info melden",
        "userDefined": false
      }
    ],
    "isTemplate": false,
    "count": 0,
    "updated": 0
  },
  {
    "id": "a8505686-c9c3-4e5c-a90b-480d2cdee30d",
    "data": [
      {
        "text": "meldung",
        "userDefined": false
      }
    ],
    "isTemplate": false,
    "count": 0,
    "updated": 0
  },
  {
    "id": "8db7bc05-c843-408b-9c3e-a564cd8fde14",
    "data": [
      {
        "text": "ich möchte etwas beitragen",
        "userDefined": false
      }
    ],
    "isTemplate": false,
    "count": 0,
    "updated": 0
  },
  {
    "id": "9a71c6fc-0d8b-4b26-aa00-926e529b296a",
    "data": [
      {
        "text": "ich möchte etwas für die community melden",
        "userDefined": false
      }
    ],
    "isTemplate": false,
    "count": 0,
    "updated": 0
  },
  {
    "id": "3eab0446-a87b-4274-b2d6-c6e27bd229a2",
    "data": [
      {
        "text": "Ich möchte Daten eingeben",
        "userDefined": false
      }
    ],
    "isTemplate": false,
    "count": 0,
    "updated": 0
  }
]