[
  {
    "id": "eb6beb0f-498b-45d4-834f-0b845d1dc2cb",
    "data": [
      {
        "text": "Verletzung hinzufügen",
        "userDefined": false
      }
    ],
    "isTemplate": false,
    "count": 0,
    "updated": 0
  },
  {
    "id": "131ea938-16d8-4c9e-acd9-0ca6be38841b",
    "data": [
      {
        "text": "Verletzung eingeben",
        "userDefined": false
      }
    ],
    "isTemplate": false,
    "count": 0,
    "updated": 0
  },
  {
    "id": "a96d4565-33b4-4505-960b-acf06e8e78e6",
    "data": [
      {
        "text": "Verletzung erfassen",
        "userDefined": false
      }
    ],
    "isTemplate": false,
    "count": 0,
    "updated": 0
  },
  {
    "id": "88876cb3-f7a8-4f41-b309-4d612698fdf9",
    "data": [
      {
        "text": "Ich melde ",
        "userDefined": false
      },
      {
        "text": "eine",
        "meta": "@sys.ignore",
        "userDefined": false
      },
      {
        "text": " Verletzung",
        "userDefined": false
      }
    ],
    "isTemplate": false,
    "count": 0,
    "updated": 0
  }
]