[
  {
    "id": "9e64734d-10d5-4131-be1a-fb05219c1c8d",
    "data": [
      {
        "text": "Ich bin in ",
        "userDefined": false
      },
      {
        "text": "eine",
        "meta": "@sys.ignore",
        "userDefined": false
      },
      {
        "text": " Rauferei geraten",
        "userDefined": false
      }
    ],
    "isTemplate": false,
    "count": 0,
    "updated": 0
  },
  {
    "id": "891dc214-97ab-4614-80df-5a1c502dad0b",
    "data": [
      {
        "text": "Hier ist ",
        "userDefined": false
      },
      {
        "text": "ein",
        "meta": "@sys.ignore",
        "userDefined": false
      },
      {
        "text": " Gemenge",
        "userDefined": false
      }
    ],
    "isTemplate": false,
    "count": 0,
    "updated": 0
  },
  {
    "id": "e005a20e-f8e9-404c-80f4-f734ecf1485e",
    "data": [
      {
        "text": "Ich möchte ",
        "userDefined": false
      },
      {
        "text": "eine",
        "meta": "@sys.ignore",
        "userDefined": false
      },
      {
        "text": " ",
        "userDefined": false
      },
      {
        "text": "Schlägerei",
        "meta": "@sys.ignore",
        "userDefined": false
      },
      {
        "text": " melden",
        "userDefined": false
      }
    ],
    "isTemplate": false,
    "count": 0,
    "updated": 0
  }
]