[
  {
    "id": "a2b132fb-f820-4b9d-acaf-e6acc132e27c",
    "data": [
      {
        "text": "Wartezeit eingeben",
        "userDefined": false
      }
    ],
    "isTemplate": false,
    "count": 0,
    "updated": 0
  },
  {
    "id": "14bf018b-9c63-4fa3-a088-54fc97648937",
    "data": [
      {
        "text": "Warteschlange",
        "meta": "@sys.ignore",
        "userDefined": false
      },
      {
        "text": " melden",
        "userDefined": false
      }
    ],
    "isTemplate": false,
    "count": 0,
    "updated": 0
  },
  {
    "id": "763e8eb1-2358-4d93-939e-a008a09cae14",
    "data": [
      {
        "text": "Ich möchte ",
        "userDefined": false
      },
      {
        "text": "eine",
        "alias": "wartezeit",
        "meta": "@wartezeit",
        "userDefined": false
      },
      {
        "text": " ",
        "userDefined": false
      },
      {
        "text": "Wartezeit",
        "alias": "wo",
        "meta": "@location",
        "userDefined": false
      },
      {
        "text": " durchgeben",
        "userDefined": false
      }
    ],
    "isTemplate": false,
    "count": 0,
    "updated": 0
  }
]