[
  {
    "id": "977d87f1-1346-4b80-acf7-8967e88f49e5",
    "data": [
      {
        "text": "Wie voll ist das ",
        "userDefined": false
      },
      {
        "text": "Stade",
        "meta": "@sys.ignore",
        "userDefined": false
      },
      {
        "text": " de Suisse?",
        "userDefined": false
      }
    ],
    "isTemplate": false,
    "count": 0,
    "updated": 0
  },
  {
    "id": "668bb7f7-77ac-4b5c-b7c4-0ca990557dcf",
    "data": [
      {
        "text": "Wie viele Menschen sind da?",
        "userDefined": false
      }
    ],
    "isTemplate": false,
    "count": 0,
    "updated": 0
  },
  {
    "id": "b5ba1c3a-c00a-47af-af43-45858e0ee7e4",
    "data": [
      {
        "text": "Ist das Wankdorf ",
        "userDefined": false
      },
      {
        "text": "heute",
        "meta": "@sys.ignore",
        "userDefined": false
      },
      {
        "text": " ausverkauft?",
        "userDefined": false
      }
    ],
    "isTemplate": false,
    "count": 0,
    "updated": 0
  },
  {
    "id": "267e1f4d-0ba4-4bf9-a9ad-d04c35d951e5",
    "data": [
      {
        "text": "Wie viele Fans sind ",
        "userDefined": false
      },
      {
        "text": "heute",
        "meta": "@sys.ignore",
        "userDefined": false
      },
      {
        "text": " hier?",
        "userDefined": false
      }
    ],
    "isTemplate": false,
    "count": 0,
    "updated": 0
  }
]