[
  {
    "id": "e12863da-04bc-4672-9795-12830e08f3e4",
    "data": [
      {
        "text": "Wie viele Fans sind heute hier?",
        "userDefined": false
      }
    ],
    "isTemplate": false,
    "count": 0,
    "updated": 0
  },
  {
    "id": "2292f535-d88e-4612-8673-816620e41834",
    "data": [
      {
        "text": "Wie viele Fans sind da?",
        "userDefined": false
      }
    ],
    "isTemplate": false,
    "count": 0,
    "updated": 0
  },
  {
    "id": "1e2a6d5a-720d-49a7-80c1-a3942592b09d",
    "data": [
      {
        "text": "Wie viele Fans sind im Stadion?",
        "userDefined": false
      }
    ],
    "isTemplate": false,
    "count": 0,
    "updated": 0
  }
]