[
  {
    "id": "2081ea10-3849-45c3-b673-ab953509ce5d",
    "data": [
      {
        "text": "Was weisst du über unseren Goalie?",
        "userDefined": false
      }
    ],
    "isTemplate": false,
    "count": 0,
    "updated": 0
  },
  {
    "id": "90d4bbe8-329f-47c4-bb28-65523db62299",
    "data": [
      {
        "text": "Gib mir ",
        "userDefined": false
      },
      {
        "text": "einen",
        "meta": "@sys.ignore",
        "userDefined": false
      },
      {
        "text": " Random Fact zu ",
        "userDefined": false
      },
      {
        "text": "David",
        "alias": "spieler",
        "meta": "@spieler",
        "userDefined": false
      },
      {
        "text": " von Ballmoos",
        "userDefined": false
      }
    ],
    "isTemplate": false,
    "count": 0,
    "updated": 0
  },
  {
    "id": "ed9d7f17-9927-4504-bacd-f0bf81db3857",
    "data": [
      {
        "text": "Erzähl mir etwas über ",
        "userDefined": false
      },
      {
        "text": "Dävu",
        "alias": "spieler",
        "meta": "@spieler",
        "userDefined": false
      },
      {
        "text": " von Ballmoos",
        "userDefined": false
      }
    ],
    "isTemplate": false,
    "count": 0,
    "updated": 0
  }
]