[
  {
    "id": "48ffc305-4651-476f-af8e-16eb7d5016eb",
    "data": [
      {
        "text": "wo spielt yb als nächstes?",
        "userDefined": false
      }
    ],
    "isTemplate": false,
    "count": 0,
    "updated": 0
  },
  {
    "id": "771a665a-6b9d-4694-8660-eae6e6ed41ce",
    "data": [
      {
        "text": "wann findet das nächste spiel statt?",
        "userDefined": false
      }
    ],
    "isTemplate": false,
    "count": 0,
    "updated": 0
  },
  {
    "id": "3b8c3ce0-7cb3-446a-bac6-3e903bd7337c",
    "data": [
      {
        "text": "was ist das nächste spiel?",
        "userDefined": false
      }
    ],
    "isTemplate": false,
    "count": 0,
    "updated": 0
  }
]