[
  {
    "id": "9310c125-4b09-48a7-a7ae-cd583416df62",
    "data": [
      {
        "text": "wann kann ich wieder ",
        "userDefined": false
      },
      {
        "text": "ins",
        "meta": "@sys.ignore",
        "userDefined": false
      },
      {
        "text": " stadion kommen?",
        "userDefined": false
      }
    ],
    "isTemplate": false,
    "count": 0,
    "updated": 0
  },
  {
    "id": "d7a61f61-3f98-4b3c-9d6a-c82a12cab93d",
    "data": [
      {
        "text": "wann kann ich wieder ",
        "userDefined": false
      },
      {
        "text": "ins",
        "meta": "@sys.ignore",
        "userDefined": false
      },
      {
        "text": " wankdorf kommen?",
        "userDefined": false
      }
    ],
    "isTemplate": false,
    "count": 1,
    "updated": 0
  },
  {
    "id": "e15f55d2-bf98-420b-8b07-453a1116e708",
    "data": [
      {
        "text": "wann ist das nächste heimspiel?",
        "userDefined": false
      }
    ],
    "isTemplate": false,
    "count": 0,
    "updated": 0
  },
  {
    "id": "475d58c0-7d11-456d-a723-a701f6c8cd74",
    "data": [
      {
        "text": "gegen wen spielt yb als nächstes zu hause?",
        "userDefined": false
      }
    ],
    "isTemplate": false,
    "count": 0,
    "updated": 0
  },
  {
    "id": "866915c4-f08c-4727-bb19-7eba8d2910c8",
    "data": [
      {
        "text": "Wann ist das nächste spiel daheim?",
        "userDefined": false
      }
    ],
    "isTemplate": false,
    "count": 0,
    "updated": 0
  }
]