[
  {
    "id": "8c97c0a1-fce1-409e-bfa3-5587b041d743",
    "data": [
      {
        "text": "wie oft hat ",
        "userDefined": false
      },
      {
        "text": "roger",
        "alias": "spieler",
        "meta": "@spieler",
        "userDefined": false
      },
      {
        "text": " getroffen",
        "userDefined": false
      }
    ],
    "isTemplate": false,
    "count": 0,
    "updated": 0
  },
  {
    "id": "3c59a79c-91f4-43b8-9ad1-a8a6027950bf",
    "data": [
      {
        "text": "Wie viele Tore hat ",
        "userDefined": false
      },
      {
        "text": "Roger Assalé",
        "alias": "spieler",
        "meta": "@spieler",
        "userDefined": true
      },
      {
        "text": " geschossen?",
        "userDefined": false
      }
    ],
    "isTemplate": false,
    "count": 0,
    "updated": 0
  },
  {
    "id": "7f490356-7f07-4c37-8027-12db644941ed",
    "data": [
      {
        "text": "Wieviele Goals hat ",
        "userDefined": false
      },
      {
        "text": "Roger Assalé",
        "alias": "spieler",
        "meta": "@spieler",
        "userDefined": true
      },
      {
        "text": " geschossen?",
        "userDefined": false
      }
    ],
    "isTemplate": false,
    "count": 0,
    "updated": 0
  }
]