[
  {
    "id": "73df0a9d-aa78-4532-a3fb-2bb16af5c3ba",
    "data": [
      {
        "text": "was ist passiert?",
        "userDefined": false
      }
    ],
    "isTemplate": false,
    "count": 0,
    "updated": 0
  },
  {
    "id": "d3c10f05-9786-45f9-99cf-773c28ff3111",
    "data": [
      {
        "text": "wo hat er sich verletzt?",
        "userDefined": false
      }
    ],
    "isTemplate": false,
    "count": 0,
    "updated": 0
  },
  {
    "id": "541098e0-f2ca-4bf4-897b-9fa61ae8387a",
    "data": [
      {
        "text": "Wie ",
        "userDefined": false
      },
      {
        "text": "lange",
        "meta": "@sys.ignore",
        "userDefined": false
      },
      {
        "text": " fällt er aus?",
        "userDefined": false
      }
    ],
    "isTemplate": false,
    "count": 0,
    "updated": 0
  },
  {
    "id": "724134a7-9ec6-45bc-bdca-93a6b6517be4",
    "data": [
      {
        "text": "wie schlimm ist es?",
        "userDefined": false
      }
    ],
    "isTemplate": false,
    "count": 0,
    "updated": 0
  }
]