[
  {
    "id": "70d108b2-06ac-459c-85c6-4c3fc01590c5",
    "data": [
      {
        "text": "ich muss dringend aufs ",
        "userDefined": false
      },
      {
        "text": "klo",
        "alias": "location",
        "meta": "@location",
        "userDefined": false
      }
    ],
    "isTemplate": false,
    "count": 0,
    "updated": 0
  },
  {
    "id": "3e5954a5-778a-472d-a85f-add25e182508",
    "data": [
      {
        "text": "Wo ist die beste ",
        "userDefined": false
      },
      {
        "text": "Toilette",
        "meta": "@sys.ignore",
        "userDefined": false
      },
      {
        "text": "?",
        "userDefined": false
      }
    ],
    "isTemplate": false,
    "count": 0,
    "updated": 0
  },
  {
    "id": "dac632d8-335d-4fc6-8a55-1de713b8e446",
    "data": [
      {
        "text": "Wo bin ich am schnellsten auf dem ",
        "userDefined": false
      },
      {
        "text": "Klo",
        "meta": "@sys.ignore",
        "userDefined": false
      },
      {
        "text": "?",
        "userDefined": false
      }
    ],
    "isTemplate": false,
    "count": 0,
    "updated": 0
  },
  {
    "id": "0124723f-6a45-4e92-bb01-c2a49377d2b5",
    "data": [
      {
        "text": "Wo muss ich am ",
        "userDefined": false
      },
      {
        "text": "wenigsten",
        "meta": "@sys.ignore",
        "userDefined": false
      },
      {
        "text": " anstehen?",
        "userDefined": false
      }
    ],
    "isTemplate": false,
    "count": 0,
    "updated": 0
  },
  {
    "id": "d85a368c-a9de-4316-998a-24c886a7be08",
    "data": [
      {
        "text": "Wo ist die kürzeste ",
        "userDefined": false
      },
      {
        "text": "WC",
        "meta": "@sys.ignore",
        "userDefined": false
      },
      {
        "text": " Schlange?",
        "userDefined": false
      }
    ],
    "isTemplate": false,
    "count": 0,
    "updated": 0
  }
]