[
  {
    "id": "c6e2a6d9-237b-4c2d-a30f-518b70992161",
    "data": [
      {
        "text": "wc schlange",
        "userDefined": false
      }
    ],
    "isTemplate": false,
    "count": 0,
    "updated": 0
  },
  {
    "id": "daee1d5f-9505-4fba-b48f-8ec31855ed9e",
    "data": [
      {
        "text": "Wo ist die kürzeste Wartezeit um sich zu erleichtern?",
        "userDefined": false
      }
    ],
    "isTemplate": false,
    "count": 0,
    "updated": 0
  },
  {
    "id": "c5113ab3-c5d7-4948-ac16-3b7282effdce",
    "data": [
      {
        "text": "Wo gehe ich am besten auf die Toilette?",
        "userDefined": false
      }
    ],
    "isTemplate": false,
    "count": 0,
    "updated": 0
  },
  {
    "id": "e5b2da3c-9495-43d6-97b9-0fb396380b75",
    "data": [
      {
        "text": "Wo ist die kürzeste WC Schlange?",
        "userDefined": false
      }
    ],
    "isTemplate": false,
    "count": 0,
    "updated": 0
  }
]