[
  {
    "value": "kein",
    "synonyms": [
      "kein",
      "kein ausfall",
      "gar nicht"
    ]
  },
  {
    "value": "1",
    "synonyms": [
      "1",
      "eine woche",
      "7 tage"
    ]
  },
  {
    "value": "3",
    "synonyms": [
      "3",
      "drei wochen",
      "21 tage"
    ]
  },
  {
    "value": "monat",
    "synonyms": [
      "monat",
      "ein monat",
      "einen monat",
      "4 wochen"
    ]
  },
  {
    "value": "länger",
    "synonyms": [
      "länger",
      "sehr lange",
      "wahnsinnig lange"
    ]
  },
  {
    "value": "8 wochen",
    "synonyms": [
      "8 wochen",
      "zwei monate"
    ]
  }
]