[
  {
    "value": "a1",
    "synonyms": [
      "a1"
    ]
  },
  {
    "value": "b3",
    "synonyms": [
      "b3"
    ]
  },
  {
    "value": "c16",
    "synonyms": [
      "c16"
    ]
  },
  {
    "value": "c1",
    "synonyms": [
      "c1"
    ]
  },
  {
    "value": "d1",
    "synonyms": [
      "d1",
      "bide coole",
      "fans",
      "hardcore"
    ]
  },
  {
    "value": "b8",
    "synonyms": [
      "b8"
    ]
  },
  {
    "value": "a2",
    "synonyms": [
      "a2"
    ]
  },
  {
    "value": "a3",
    "synonyms": [
      "a3"
    ]
  },
  {
    "value": "c14",
    "synonyms": [
      "c14"
    ]
  },
  {
    "value": "b6",
    "synonyms": [
      "b6"
    ]
  },
  {
    "value": "b4",
    "synonyms": [
      "b4"
    ]
  }
]