[
  {
    "value": "Hoarau",
    "synonyms": [
      "Guillaume Hoarau",
      "Huaro",
      "uaro",
      "gui",
      "guy",
      "99"
    ]
  },
  {
    "value": "Sulejmani",
    "synonyms": [
      "Sulejmani",
      "Miralem",
      "Sulei",
      "10"
    ]
  },
  {
    "value": "Assalé",
    "synonyms": [
      "Assalé",
      "Roger",
      "Assale",
      "17"
    ]
  },
  {
    "value": "von ballmoss",
    "synonyms": [
      "von ballmoss",
      "dävu",
      "david",
      "26",
      "dave"
    ]
  },
  {
    "value": "wölfli",
    "synonyms": [
      "wölfli",
      "wouf",
      "marco",
      "1"
    ]
  },
  {
    "value": "fassnacht",
    "synonyms": [
      "fassnacht",
      "christian",
      "fassi",
      "16"
    ]
  },
  {
    "value": "aebischer",
    "synonyms": [
      "aebischer",
      "michael",
      "20"
    ]
  },
  {
    "value": "lustenberger",
    "synonyms": [
      "lustenberger",
      "fabian",
      "fäbu",
      "lusti",
      "luschti",
      "28"
    ]
  },
  {
    "value": "lauper",
    "synonyms": [
      "lauper",
      "sandro",
      "laupi",
      "30"
    ]
  },
  {
    "value": "marzino",
    "synonyms": [
      "marzino",
      "dario",
      "40"
    ]
  },
  {
    "value": "Sörensen",
    "synonyms": [
      "Sörensen",
      "Frederik",
      "3"
    ]
  },
  {
    "value": "Camara",
    "synonyms": [
      "Camara",
      "Mohamed Ali",
      "4"
    ]
  },
  {
    "value": "Zesiger",
    "synonyms": [
      "Zesiger",
      "Cédric",
      "5"
    ]
  },
  {
    "value": "Bürgy",
    "synonyms": [
      "Bürgy",
      "14",
      "Nic"
    ]
  },
  {
    "value": "Garcia",
    "synonyms": [
      "Garcia",
      "Ulisses",
      "21"
    ]
  },
  {
    "value": "Janko",
    "synonyms": [
      "Janko",
      "Saidy",
      "23"
    ]
  },
  {
    "value": "Lotomba",
    "synonyms": [
      "Lotomba",
      "Jordan",
      "29"
    ]
  },
  {
    "value": "Petignat",
    "synonyms": [
      "Petignat",
      "Esteban",
      "6"
    ]
  },
  {
    "value": "Spielmann",
    "synonyms": [
      "Spielmann",
      "Marvin",
      "7"
    ]
  },
  {
    "value": "Sierro",
    "synonyms": [
      "Sierro",
      "Vincent",
      "8"
    ]
  },
  {
    "value": "Gaudino",
    "synonyms": [
      "Gaudino",
      "Gianluca",
      "11"
    ]
  },
  {
    "value": "Moumi Ngamaleu",
    "synonyms": [
      "Moumi Ngamaleu",
      "Nicolas",
      "13"
    ]
  },
  {
    "value": "Martins",
    "synonyms": [
      "Martins",
      "Christopher",
      "35"
    ]
  }
]