[
  {
    "value": "kreuzband",
    "synonyms": [
      "kreuzband"
    ]
  },
  {
    "value": "meniskus",
    "synonyms": [
      "meniskus",
      "miniskus"
    ]
  },
  {
    "value": "schienbeinbruch",
    "synonyms": [
      "schienbeinbruch",
      "wadenbruch"
    ]
  },
  {
    "value": "adduktoren",
    "synonyms": [
      "adduktoren",
      "leisten",
      "leistenbruch"
    ]
  },
  {
    "value": "achillessehnenriss",
    "synonyms": [
      "achillessehnenriss",
      "achillessehne",
      "achillis"
    ]
  },
  {
    "value": "aussenbandriss",
    "synonyms": [
      "aussenbandriss",
      "aussenband"
    ]
  }
]