[
  {
    "value": "10",
    "synonyms": [
      "minuten",
      "10 minuten",
      "7",
      "8",
      "9",
      "11",
      "12"
    ]
  },
  {
    "value": "5",
    "synonyms": [
      "5 min",
      "5 minuten",
      "zirka"
    ]
  },
  {
    "value": "15",
    "synonyms": [
      "15 min",
      "fünfzehn",
      "15",
      "viertelstunde",
      "lange",
      "sehr lange",
      "15 minuten",
      "13",
      "14",
      "16",
      "20",
      "brutal lange",
      "ewig"
    ]
  },
  {
    "value": "2",
    "synonyms": [
      "2min",
      "zwei minuten",
      "kurz",
      "nicht lange",
      "kaum",
      "wenig"
    ]
  }
]